<?xml version="1.0"?>
<doc>
    <assembly>
        <name>Taumuon.Jabuka.Physics</name>
    </assembly>
    <members>
        <member name="T:Taumuon.Jabuka.Physics.Vector">
            <summary>
            Represents a Vector in 3 dimensions.
            Can represent a point, or a vector from the origin.
            </summary>
        </member>
        <member name="M:Taumuon.Jabuka.Physics.Vector.#ctor">
            <summary>
            Default constructor, initialises all values to zero.
            </summary>
        </member>
        <member name="M:Taumuon.Jabuka.Physics.Vector.#ctor(System.Double,System.Double,System.Double)">
            <summary>
            Constructor
            </summary>
            <param name="x">Initial x location</param>
            <param name="y">Initial y location</param>
            <param name="z">Initial z location</param>
        </member>
        <member name="M:Taumuon.Jabuka.Physics.Vector.SetValues(System.Double,System.Double,System.Double)">
            <summary>
            Sets the values of the vector components.
            </summary>
        </member>
        <member name="M:Taumuon.Jabuka.Physics.Vector.DotProduct(Taumuon.Jabuka.Physics.Vector)">
            <summary>
            Returns the dot product of this vector against the right hand side operand.
            </summary>
            <param name="rhs">The vector to perform the dot product with.</param>
            <returns>The result of the operation</returns>
        </member>
        <member name="M:Taumuon.Jabuka.Physics.Vector.CrossProduct(Taumuon.Jabuka.Physics.Vector)">
            <summary>
            Returns the cross product of this vector against the right hand side operand.
            </summary>
            <param name="rhs">The vector to perform the cross product with.</param>
            <returns>The result of the operation, leaving the operands unchanged.</returns>
        </member>
        <member name="M:Taumuon.Jabuka.Physics.Vector.Normalise">
            <summary>
            Returns a normalised vector in the direction of this vector.
            </summary>
            <returns>The result of the operation, leaving the operands unchanged.</returns>
            <remarks>If this vector has zero magnitude, then a zero vector is returned.</remarks>
        </member>
        <member name="M:Taumuon.Jabuka.Physics.Vector.Clone">
            <summary>
            Performs a deep copy.
            </summary>
            <returns>A copy of the object.</returns>
        </member>
        <member name="M:Taumuon.Jabuka.Physics.Vector.op_Addition(Taumuon.Jabuka.Physics.Vector,Taumuon.Jabuka.Physics.Vector)">
            <summary>
            Overloaded addition operator. Adds the right hand
             operand to the left hand operand.
            </summary>
            <param name="lhs">The left-hand operand</param>
            <param name="rhs">The right-hand operand</param>
            <returns>
            Result of addition, leaving the operands unchanged.
            </returns>
        </member>
        <member name="M:Taumuon.Jabuka.Physics.Vector.op_Subtraction(Taumuon.Jabuka.Physics.Vector,Taumuon.Jabuka.Physics.Vector)">
            <summary>
            Overloaded subtraction operator. Subtracts the right
             hand operand from the left hand operand.
            </summary>
            <param name="lhs">The left-hand operand</param>
            <param name="rhs">The right-hand operand</param>
            <returns>
            Result of subtraction, leaving the operands unchanged.
            </returns>
        </member>
        <member name="M:Taumuon.Jabuka.Physics.Vector.op_Multiply(Taumuon.Jabuka.Physics.Vector,System.Double)">
            <summary>
            Overloaded multiplication operator, for a vector and
            a scalar on the right hand side of the operation.
            </summary>
            <param name="lhs">The left-hand operand</param>
            <param name="rhs">The right-hand operand</param>
            <returns>
            Result of multiplication, leaving operands unchanged.
            </returns>
        </member>
        <member name="M:Taumuon.Jabuka.Physics.Vector.op_Multiply(System.Double,Taumuon.Jabuka.Physics.Vector)">
            <summary>
            Overloaded multiplication operator, for a vector and
            a scalar on the left hand side of the operation.
            </summary>
            <param name="lhs">The left-hand operand</param>
            <param name="rhs">The right-hand operand</param>
            <returns>
            Result of multiplication, leaving operands unchanged.
            </returns>
        </member>
        <member name="M:Taumuon.Jabuka.Physics.Vector.op_Division(Taumuon.Jabuka.Physics.Vector,System.Double)">
            <summary>
            Overloaded division operator, for a vector and
            a scalar on the right hand side of the operation.
            </summary>
            <param name="lhs">The left-hand operand</param>
            <param name="rhs">The right-hand operand</param>
            <returns>
            Result of division, leaving operands unchanged.
            </returns>
        </member>
        <member name="P:Taumuon.Jabuka.Physics.Vector.X">
            <summary>
            Returns the vector's X dimension value.
            </summary>
        </member>
        <member name="P:Taumuon.Jabuka.Physics.Vector.Y">
            <summary>
            Returns the vector's X dimension value.
            </summary>
        </member>
        <member name="P:Taumuon.Jabuka.Physics.Vector.Z">
            <summary>
            Returns the vector's Z dimension value.
            </summary>
        </member>
        <member name="P:Taumuon.Jabuka.Physics.Vector.Magnitude">
            <summary>
            Returns the vector's magnitude.
            </summary>
        </member>
        <member name="T:Taumuon.Jabuka.Physics.MathUtils">
            <summary>
            Utility methods for mathematics operations
            </summary>
        </member>
        <member name="M:Taumuon.Jabuka.Physics.MathUtils.IsEqualWithinTol(System.Double,System.Double,System.Double)">
            <summary>
            Checks that the two values are equivalent, within
             the absolute tolerance value.
            </summary>
            <returns>true if equal, false otherwise</returns>
        </member>
        <member name="T:Taumuon.Jabuka.Physics.Quaternion">
            <summary>
            A unit quaternion represents a rotation in 3D space.
            </summary>
        </member>
        <member name="M:Taumuon.Jabuka.Physics.Quaternion.#ctor">
            <summary>
            Default constructor. Construct a multiplication identity quaternion, Zero vector, scalar part = 1.
            Rotating a quaternion by the identity quaternion results in no change to the original quaternion.
            </summary>
        </member>
        <member name="M:Taumuon.Jabuka.Physics.Quaternion.#ctor(System.Double,Taumuon.Jabuka.Physics.Vector)">
            <summary>
            Constructs a quaternion with the given scalar and vector values.
            </summary>
            <param name="scalar">The scalar value of the quaternion,
            should be bounded between -1 and 1.</param>
            <remarks>
            <param name="vector">The vector values of the quaternion.</param>
            Note that the vector passed in is stored in the quaternion and is the same instance as returned by
             the Vector property.
            </remarks>
        </member>
        <member name="M:Taumuon.Jabuka.Physics.Quaternion.MakeFromAngleAxis(System.Double,Taumuon.Jabuka.Physics.Vector)">
            <summary>
            Creates a Quaternion from the given angle-axis representation.
            </summary>
            <param name="angle">The angle to rotate around the axis, in radians (anti-clockwise is positive).</param>
            <param name="axis">The axis of rotation.</param>
            <returns>A new quaternion instance representing the given rotation.</returns>
            <remarks>Note that the vector instance passed in is assigned to the created quaternion.</remarks>
        </member>
        <member name="M:Taumuon.Jabuka.Physics.Quaternion.Rotate(Taumuon.Jabuka.Physics.Quaternion)">
            <summary>
            Rotates this quaterion by the rhs input.
            The resulting rotation quatertion p' is given by
            p' = (q)(p)
            p is this instance, q is the quaternion passed in.
            </summary>
            <param name="rhs">The quaternion representing a rotation to rotate this quaternion by.</param>
            <returns>The result of rotating this quaternion by the rhs input.</returns>
            <remarks>Returns a new quaternion instance, leaves the originals unchanged.</remarks>
        </member>
        <member name="M:Taumuon.Jabuka.Physics.Quaternion.Normalise">
            <summary>
            Returns a normalised copy of the quaternion.
            </summary>
        </member>
        <member name="M:Taumuon.Jabuka.Physics.Quaternion.RotateVector(Taumuon.Jabuka.Physics.Vector)">
            <summary>
            Applies the rotation represented by this quaternion instance to the passed in vector.
            </summary>
            <param name="rhs">The vector to rotate this quaternion by.</param>
            <returns>The result of rotating the vector by this quaterion.</returns>
            <remarks>Returns a new vector instance, leaves the originals unchanged.</remarks>
        </member>
        <member name="M:Taumuon.Jabuka.Physics.Quaternion.op_Multiply(Taumuon.Jabuka.Physics.Quaternion,Taumuon.Jabuka.Physics.Quaternion)">
            <summary>
            Overloaded multiplication operator, for a quaterion 
            on both sides of the operation.
            </summary>
            <param name="lhs">The left-hand operand</param>
            <param name="rhs">The right-hand operand</param>
            <returns>
            Result of multiplication, leaving operands unchanged.
            </returns>
        </member>
        <member name="P:Taumuon.Jabuka.Physics.Quaternion.Scalar">
            <summary>
            The Scalar value of the quaternion.
            </summary>
        </member>
        <member name="P:Taumuon.Jabuka.Physics.Quaternion.Vector">
            <summary>
            The Vector value of the quaternion.
            </summary>
        </member>
        <member name="P:Taumuon.Jabuka.Physics.Quaternion.Angle">
            <summary>
            The angle of rotation, in radians, of the corresponding angle-axis representation of the quaternion.
            </summary>
        </member>
        <member name="P:Taumuon.Jabuka.Physics.Quaternion.Axis">
            <summary>
            The axis of rotation, of the corresponding angle-axis representation of the quaternion.
            </summary>
        </member>
        <member name="P:Taumuon.Jabuka.Physics.Quaternion.Conjugate">
            <summary>
            The conjugate ~q of a quaternion q, has the same scalar, but its vector has its sign inversed.
            ~(qp) = (~p)(~q)
            </summary>
            <remarks>
            Returns a new instance, leaves the original unchanged.
            </remarks>
        </member>
        <member name="T:Taumuon.Jabuka.Physics.Collision.CollisionManager">
            <summary>
            Handles updating the objects, checking for collisions between them,
             and performing collision response.
            </summary>
        </member>
        <member name="M:Taumuon.Jabuka.Physics.Collision.CollisionManager.#ctor(System.Collections.Generic.List{Taumuon.Jabuka.Physics.Collision.Sphere})">
            <summary>
            Constructor
            </summary>
            <param name="spheres">The list of spheres that will be updated, 
            and subsequently checked for any collisions.</param>
        </member>
        <member name="M:Taumuon.Jabuka.Physics.Collision.CollisionManager.Update(System.Double)">
            <summary>
            Updates all of the objects that the collision manager owns.
            </summary>
            <param name="deltaTime">Time increment, in seconds.</param>
        </member>
        <member name="M:Taumuon.Jabuka.Physics.Collision.CollisionManager.GetTimeOfCollision(System.Double,System.Collections.Generic.List{Taumuon.Jabuka.Physics.Collision.Sphere})">
            <summary>
            Returns the time of collision of a set of objects that intersects in a certain
             time interval. Updates the spheres, bisecting the interval to find the time of
             collision of the spheres that were intersecting at the end of the interval.
            </summary>
            <param name="deltaTime">The external interval time.</param>
            <param name="intersectingSpheres">
            The list of original spheres that were intersecting at the end of the interval.
            </param>
            <returns>The exact time of collision.</returns>
        </member>
        <member name="M:Taumuon.Jabuka.Physics.Collision.CollisionManager.CloneSpheres(System.Collections.Generic.Dictionary{Taumuon.Jabuka.Physics.Collision.Sphere,Taumuon.Jabuka.Physics.Collision.Sphere},System.Collections.Generic.List{Taumuon.Jabuka.Physics.Collision.Sphere},System.Collections.Generic.List{Taumuon.Jabuka.Physics.Collision.Sphere})">
            <summary>
            Populates the list of clones and the clonedictionary from the list of spheres.
            </summary>
            <param name="cloneDictionary">Keyed on the clone, with the value being the original uncloned sphere.</param>
            <param name="originalSpheres">The list of original spheres.</param>
            <param name="clones">The list of clones.</param>
        </member>
        <member name="M:Taumuon.Jabuka.Physics.Collision.CollisionManager.UpdateOriginalSpheresFromClones(System.Collections.Generic.Dictionary{Taumuon.Jabuka.Physics.Collision.Sphere,Taumuon.Jabuka.Physics.Collision.Sphere},System.Collections.Generic.List{Taumuon.Jabuka.Physics.Collision.Sphere})">
            <summary>
            Updates the original sphere properties to match the updated properties on the clones.
            </summary>
        </member>
        <member name="M:Taumuon.Jabuka.Physics.Collision.CollisionManager.UpdateSpheres(System.Collections.Generic.List{Taumuon.Jabuka.Physics.Collision.Sphere},System.Double)">
            <summary>
            Calls the Update() property on the spheres to allow them to update their physical state.
            </summary>
            <param name="spheres">The list of spheres to update.</param>
            <param name="deltaTime">The time increment to update the spheres by.</param>
        </member>
        <member name="M:Taumuon.Jabuka.Physics.Collision.CollisionManager.AddCollisionToDictionary(System.Collections.Generic.Dictionary{Taumuon.Jabuka.Physics.Collision.CollisionType,System.Collections.Generic.List{Taumuon.Jabuka.Physics.Collision.CollisionManager.Collision}},Taumuon.Jabuka.Physics.Collision.CollisionType,Taumuon.Jabuka.Physics.Collision.Sphere,Taumuon.Jabuka.Physics.Collision.Sphere)">
            <summary>
            Adds a collision to the dictionary.
            </summary>
        </member>
        <member name="M:Taumuon.Jabuka.Physics.Collision.CollisionManager.DoCollisionResponse(Taumuon.Jabuka.Physics.Collision.Sphere,Taumuon.Jabuka.Physics.Collision.Sphere)">
            <summary>
            Performs an inelastic collision between the two spheres, updates their velocities
             conserving momentum and kinetic energy.
            </summary>
            <param name="sphere1"></param>
            <param name="sphere2"></param>
        </member>
        <member name="M:Taumuon.Jabuka.Physics.Collision.CollisionManager.ResolveVelocities(System.Double,System.Double,System.Double,System.Double,System.Double@,System.Double@)">
            <summary>
            Resolves the collision velocities.
             These are the components of the velocities along the line of collision.
            </summary>
        </member>
        <member name="T:Taumuon.Jabuka.Physics.Collision.Sphere">
            <summary>
            Represents a Sphere class, for Collision detection.
            </summary>
        </member>
        <member name="M:Taumuon.Jabuka.Physics.Collision.Sphere.#ctor(Taumuon.Jabuka.Physics.IEulerRigidBody,System.Double)">
            <summary>
            Constructor
            </summary>
            <param name="eulerRigidBody">Holds the sphere's location and velocity.</param>
            <param name="radius">The sphere's radius</param>
        </member>
        <member name="M:Taumuon.Jabuka.Physics.Collision.Sphere.CheckForCollision(Taumuon.Jabuka.Physics.Collision.Sphere)">
            <summary>
            Checks whether this sphere instance is colliding
             with the sphere passed in.
            </summary>
        </member>
        <member name="M:Taumuon.Jabuka.Physics.Collision.Sphere.AssignFromSphere(Taumuon.Jabuka.Physics.Collision.Sphere)">
            <summary>
            Assigns the values of this sphere and the values of its members
             from the values on the sphere passed in.
            </summary>
            <param name="rhs">The sphere to set the values from</param>
            <remarks>This sets all values, analogous to a deep copy.
            It does not change any of the original objects' or sub objects' references
             (only sets values on those references)</remarks>
        </member>
        <member name="M:Taumuon.Jabuka.Physics.Collision.Sphere.Clone">
            <summary>
            Performs a deep copy.
            </summary>
            <returns>A copy of the object.</returns>
        </member>
        <member name="P:Taumuon.Jabuka.Physics.Collision.Sphere.EulerRigidBody">
            <summary>
            Returns the EulerRigidBody instance
             that contains details on the object's physical state.
            </summary>
        </member>
        <member name="P:Taumuon.Jabuka.Physics.Collision.Sphere.Radius">
            <summary>
            Returns the Sphere's radius.
            </summary>
        </member>
        <member name="T:Taumuon.Jabuka.Physics.IEulerRigidBody">
            <summary>
            Euler Rigid bodies should implement this interface.
            </summary>
        </member>
        <member name="M:Taumuon.Jabuka.Physics.IEulerRigidBody.AssignFromEulerRigidBody(Taumuon.Jabuka.Physics.IEulerRigidBody)">
            <summary>
            Assigns the values of this EulerRigidBody and the values of its members
             from the values on the EulerRigidBody passed in.
            </summary>
            <param name="rhs">The EulerRigidBody to set the values from</param>
            <remarks>This sets all values, analogous to a deep copy.
            It does not change any of the original objects' or sub objects' references
             (only sets values on those references)</remarks>
        </member>
        <member name="M:Taumuon.Jabuka.Physics.IEulerRigidBody.Update(System.Double)">
            <summary>
            Allows the body to update its physical state.
            </summary>
            <param name="deltaTime">Time increment, in seconds.</param>
        </member>
        <member name="M:Taumuon.Jabuka.Physics.IEulerRigidBody.ApplyForce(Taumuon.Jabuka.Physics.Vector)">
            <summary>
            Applies a force to the body.
            </summary>
            <param name="force">Force, in Newtons.</param>
        </member>
        <member name="P:Taumuon.Jabuka.Physics.IEulerRigidBody.Location">
            <summary>
            Retrieves the current location.
            </summary>
        </member>
        <member name="P:Taumuon.Jabuka.Physics.IEulerRigidBody.Velocity">
            <summary>
            Retrieves the current velocity.
            </summary>
        </member>
        <member name="P:Taumuon.Jabuka.Physics.IEulerRigidBody.Acceleration">
            <summary>
            Retrieves the current acceleration.
             This is the body's force (if any)
             divided by the body's mass.
            </summary>
        </member>
        <member name="P:Taumuon.Jabuka.Physics.IEulerRigidBody.AppliedForce">
            <summary>
            Retrieves the current force being applied to the object.
            </summary>
        </member>
        <member name="P:Taumuon.Jabuka.Physics.IEulerRigidBody.Mass">
            <summary>
            Returns the object's mass.
            </summary>
        </member>
        <member name="T:Taumuon.Jabuka.Physics.Collision.CollisionType">
            <summary>
            Holds information on whether a collision has occurred.
            </summary>
        </member>
        <member name="F:Taumuon.Jabuka.Physics.Collision.CollisionType.None">
            <summary>
            The objects aren't in contact. They may be within
             touching distance, but are moving away from each other.
            </summary>
        </member>
        <member name="F:Taumuon.Jabuka.Physics.Collision.CollisionType.TouchingContact">
            <summary>
            The objects are within touching distance, their
             relative velocity is zero, they are not forced
             together but happen to be in close proximity.
            </summary>
            <remarks>May be useful for many body collision
            or for resolving stacking</remarks>
        </member>
        <member name="F:Taumuon.Jabuka.Physics.Collision.CollisionType.ForcedContact">
            <summary>
            The objects are within touching distance, their
             relative velocity is zero, and they are being
             forced together.
            </summary>
        </member>
        <member name="F:Taumuon.Jabuka.Physics.Collision.CollisionType.Collision">
            <summary>
            The objects are within touching distance and the
             relative velocity of the bodies is towards each other.
            </summary>
        </member>
        <member name="F:Taumuon.Jabuka.Physics.Collision.CollisionType.Intersection">
            <summary>
            The objects are intersecting (physically impossible
             for rigid bodies)
            </summary>
        </member>
        <member name="T:Taumuon.Jabuka.Physics.EulerRigidBody">
            <summary>
            A rigid body that updates its location
             via Euler integration.
            </summary>
        </member>
        <member name="M:Taumuon.Jabuka.Physics.EulerRigidBody.#ctor(Taumuon.Jabuka.Physics.Vector,Taumuon.Jabuka.Physics.Vector,System.Double)">
            <summary>
            Constructor
            </summary>
            <param name="location">Initial location.</param>
            <param name="velocity">Initial velocity.</param>
            <param name="mass">The body's mass.</param>
            <exception cref="T:System.ArgumentException">
            if mass is zero
            </exception>
            <exception cref="T:System.ArgumentNullException"/>
        </member>
        <member name="M:Taumuon.Jabuka.Physics.EulerRigidBody.Update(System.Double)">
            <summary>
            Allows the body to update its physical state.
            </summary>
            <param name="deltaTime">Time increment, in seconds.</param>
        </member>
        <member name="M:Taumuon.Jabuka.Physics.EulerRigidBody.ApplyForce(Taumuon.Jabuka.Physics.Vector)">
            <summary>
            Applies a force to the body.
            </summary>
            <param name="force">Force, in Newtons.</param>
        </member>
        <member name="M:Taumuon.Jabuka.Physics.EulerRigidBody.AssignFromEulerRigidBody(Taumuon.Jabuka.Physics.IEulerRigidBody)">
            <summary>
            Assigns the values of this EulerRigidBody and the values of its members
             from the values on the EulerRigidBody passed in.
            </summary>
            <param name="rhs">The EulerRigidBody to set the values from</param>
            <remarks>This sets all values, analogous to a deep copy.
            It does not change any of the original objects' or sub objects' references
             (only sets values on those references)</remarks>
        </member>
        <member name="M:Taumuon.Jabuka.Physics.EulerRigidBody.Clone">
            <summary>
            Performs a deep copy.
            </summary>
            <returns>A copy of the object.</returns>
        </member>
        <member name="P:Taumuon.Jabuka.Physics.EulerRigidBody.Location">
            <summary>
            Retrieves the current location.
            </summary>
        </member>
        <member name="P:Taumuon.Jabuka.Physics.EulerRigidBody.Velocity">
            <summary>
            Retrieves the current velocity.
            </summary>
        </member>
        <member name="P:Taumuon.Jabuka.Physics.EulerRigidBody.Acceleration">
            <summary>
            Retrieves the current acceleration.
             This is the body's force (if any)
             divided by the body's mass.
            </summary>
        </member>
        <member name="P:Taumuon.Jabuka.Physics.EulerRigidBody.AppliedForce">
            <summary>
            Retrieves the current force being applied to the object.
            </summary>
        </member>
        <member name="P:Taumuon.Jabuka.Physics.EulerRigidBody.Mass">
            <summary>
            Returns the object's mass.
            </summary>
        </member>
        <member name="P:Taumuon.Jabuka.Physics.EulerRigidBody.Orientation">
            <summary>
            Set or return the quaternion representing the object's rotation with
             respect to the world's frame of reference.
            </summary>
        </member>
    </members>
</doc>
