<?xml version="1.0"?>
<doc>
    <assembly>
        <name>Taumuon.Jabuka.Physics</name>
    </assembly>
    <members>
        <member name="T:Taumuon.Jabuka.Physics.Sphere">
            <summary>
            A physical sphere.
            </summary>
        </member>
        <member name="M:Taumuon.Jabuka.Physics.Sphere.#ctor(System.Double,System.Double,System.Double)">
            <summary>
            Constructor
            </summary>
            <param name="location">Initial location.</param>
            <param name="velocity">Initial velocity.</param>
            <param name="mass">The sphere's mass.</param>
        </member>
        <member name="M:Taumuon.Jabuka.Physics.Sphere.Update(System.Double)">
            <summary>
            Allows the sphere to update its physical state.
            </summary>
            <param name="deltaTime">Time increment, in seconds.</param>
        </member>
        <member name="M:Taumuon.Jabuka.Physics.Sphere.ApplyForce(System.Double)">
            <summary>
            Applies a force to the sphere.
            </summary>
            <param name="force">Force, in Newtons.</param>
        </member>
        <member name="P:Taumuon.Jabuka.Physics.Sphere.Location">
            <summary>
            Retrieves the current location.
            </summary>
        </member>
        <member name="P:Taumuon.Jabuka.Physics.Sphere.Velocity">
            <summary>
            Retrieves the current velocity.
            </summary>
        </member>
    </members>
</doc>
