<?xml version="1.0"?>
<doc>
    <assembly>
        <name>Taumuon.Jabuka.Physics</name>
    </assembly>
    <members>
        <member name="T:Taumuon.Jabuka.Physics.EulerRigidBody">
            <summary>
            A rigid body that updates its location
             via Euler integration.
            </summary>
        </member>
        <member name="M:Taumuon.Jabuka.Physics.EulerRigidBody.#ctor(Taumuon.Jabuka.Physics.Vector,Taumuon.Jabuka.Physics.Vector,System.Double)">
            <summary>
            Constructor
            </summary>
            <param name="location">Initial location.</param>
            <param name="velocity">Initial velocity.</param>
            <param name="mass">The body's mass.</param>
            <exception cref="T:System.ArgumentException">
            if mass is zero
            </exception>
            <exception cref="T:System.ArgumentNullException"/>
        </member>
        <member name="M:Taumuon.Jabuka.Physics.EulerRigidBody.Update(System.Double)">
            <summary>
            Allows the body to update its physical state.
            </summary>
            <param name="deltaTime">Time increment, in seconds.</param>
        </member>
        <member name="M:Taumuon.Jabuka.Physics.EulerRigidBody.ApplyForce(Taumuon.Jabuka.Physics.Vector)">
            <summary>
            Applies a force to the body.
            </summary>
            <param name="force">Force, in Newtons.</param>
        </member>
        <member name="P:Taumuon.Jabuka.Physics.EulerRigidBody.Location">
            <summary>
            Retrieves the current location.
            </summary>
        </member>
        <member name="P:Taumuon.Jabuka.Physics.EulerRigidBody.Velocity">
            <summary>
            Retrieves the current velocity.
            </summary>
        </member>
        <member name="T:Taumuon.Jabuka.Physics.Vector">
            <summary>
            Represents a Vector in 3 dimensions.
            Can represent a point, or a vector from the origin.
            </summary>
        </member>
        <member name="M:Taumuon.Jabuka.Physics.Vector.#ctor(System.Double,System.Double,System.Double)">
            <summary>
            Constructor
            </summary>
            <param name="x">Initial x location</param>
            <param name="y">Initial y location</param>
            <param name="z">Initial z location</param>
        </member>
        <member name="M:Taumuon.Jabuka.Physics.Vector.op_Addition(Taumuon.Jabuka.Physics.Vector,Taumuon.Jabuka.Physics.Vector)">
            <summary>
            Overloaded addition operator
            </summary>
            <param name="lhs">The left-hand operand</param>
            <param name="rhs">The right-hand operand</param>
            <returns>
            Result of addition, leaving the operands unchanged.
            </returns>
        </member>
        <member name="M:Taumuon.Jabuka.Physics.Vector.op_Multiply(Taumuon.Jabuka.Physics.Vector,System.Double)">
            <summary>
            Overloaded multiplication operator, for a vector and
            a scalar.
            </summary>
            <param name="lhs">The left-hand operand</param>
            <param name="rhs">The right-hand operand</param>
            <returns>
            Result of multiplication, leaving operands unchanged.
            </returns>
        </member>
        <member name="P:Taumuon.Jabuka.Physics.Vector.X">
            <summary>
            Returns the vector's X dimension value.
            </summary>
        </member>
        <member name="P:Taumuon.Jabuka.Physics.Vector.Y">
            <summary>
            Returns the vector's X dimension value.
            </summary>
        </member>
        <member name="P:Taumuon.Jabuka.Physics.Vector.Z">
            <summary>
            Returns the vector's Z dimension value.
            </summary>
        </member>
    </members>
</doc>
